{"cameraMode":{"drawMode":0,"name":"Shaded","section":"Shading Mode"},"sceneLighting":false,"audioPlay":false,"sceneViewState":{"m_AlwaysRefresh":false,"showFog":true,"showSkybox":true,"showFlares":true,"showImageEffects":true,"showParticleSystems":true,"showVisualEffectGraphs":true,"m_FxEnabled":true},"in2DMode":false,"pivot":{"x":0.009002424776554108,"y":1.1092865467071534,"z":0.03267000615596771},"rotation":{"x":0.00007110692240530625,"y":0.9999130368232727,"z":-0.005999589804559946,"w":0.011999743059277535},"size":0.9616070985794067,"orthographic":false}